MatrixName,nrows,ncols,nnz,rowMean,rowStd,rowMin,rowMax,rowGini,rowHot10,rowHot20,rowHot30,rowHot40,rowHot50,rowHot60,rowHot70,rowHot80,rowHot90,colMean,colStd,colMin,colMax,colGini,colHot10,colHot20,colHot30,colHot40,colHot50,colHot60,colHot70,colHot80,colHot90
TSOPF_FS_b300_c1,29214,29214,4400122,150.617,676.274,1,13942,0,0.39698,0.580648,0.735548,0.874956,0.986317,0.989426,0.992082,0.994738,0.997393,150.617,676.274,1,13942,0,0.39698,0.580648,0.735548,0.874956,0.986317,0.989426,0.992082,0.994738,0.997393
uk-2002,18520486,18520486,298113762,16.0964,27.5291,0,2450,0,0.421724,0.615706,0.750583,0.84863,0.918079,0.963248,0.98721,0.996837,1,16.0964,143.363,0,194942,0,0.836884,0.899833,0.92947,0.9485,0.961708,0.974133,0.981758,0.987971,0.994183
amazon0302,262111,262111,1234877,4.71127,0.951538,0,5,0,0.106128,0.212256,0.318384,0.424512,0.53064,0.636768,0.742896,0.849024,0.95351,4.71127,5.70791,1,420,0,0.327624,0.491037,0.614145,0.714014,0.796984,0.860661,0.911475,0.953926,0.978774
amazon-2008,735323,735323,5158388,7.01513,3.94388,0,10,0,0.142548,0.285097,0.427645,0.570196,0.712744,0.851585,0.941457,0.985475,1,7.01513,7.57461,1,1076,0,0.328391,0.51353,0.652181,0.757673,0.836856,0.897204,0.940105,0.968615,0.985745
ML_Laplace,377002,377002,27689972,73.4478,3.52481,26,74,0,0.100751,0.201503,0.302254,0.403005,0.503759,0.60451,0.705262,0.806013,0.906764,73.4478,3.52481,26,74,0,0.100751,0.201503,0.302254,0.403005,0.503759,0.60451,0.705262,0.806013,0.906764
